1767456978.187532,d8507ef7-ef13-4efe-82ad-11968ad95dd4,From α to ɷ...,1,0,0,None,True
1767456994.734287,f23f6bf6-4ad6-43a8-9693-cff69e5811d0,From α to ɷ...,1,0,0,None,True
1767457030.895555,b5291222-8a65-411b-9a0f-580107482506,From α to ɷ...,1,0,0,None,True
1767457035.812821,5ed4b837-74bb-4cef-80b8-ab19342c4f58,From α to ɷ...,1,0,0,None,True
1767457040.045418,e3e09bdd-8a56-4a64-9d5e-50c3d366de20,From α to ɷ...,1,0,0,None,True
1767520095.3085902,da16ce04-260f-4cf7-95e4-cf4261df076a,From α to ɷ...,1,0,0,None,True
1767520636.5397289,fbe479ec-0227-479b-8b88-762d39f8aabc,From α to ɷ...,1,0,0,None,True
1767523506.712746,feb8565c-6a27-4042-b933-9aa931e0e02c,From α to ɷ...,1,0,0,None,True
1767523537.6047769,b60c3de6-7725-4ae1-a5df-5ad0e60c8b98,From α to ɷ...,1,0,0,None,True
1767523582.616122,17e48a84-d2c1-408d-86e9-550d6ca224bb,From α to ɷ...,1,0,0,None,True
1767526094.02687,3cff1255-0004-4087-96b1-030e8c965466,,1,0,0,None,True
1767526099.594048,a92dc3eb-d251-4ee4-b3ff-3efb3413cd68,hello,1,0,0,None,True
1767526101.7084951,f70d0ee5-fd8f-4d47-982f-6c8689b6d3cd,hello,1,0,0,None,True
1767526117.895808,fab0a8b0-e13b-4865-b450-057c0b15127b,hello,1,0,0,None,True
1767528486.9271302,cca5278d-e87e-4816-97bd-668830fc1d05,,1,0,0,None,True
1767528497.110827,33540b23-fc77-4ede-89b3-2011160cabcf,hello,1,0,0,None,True
1767528705.8266041,74ca3cbc-71bf-4af8-87ca-d064472d1af5,hello,1,0,0,None,True
1767528753.776865,22fecdd5-8ffc-405e-9767-79892dc9b828,hello,1,0,0,None,True
1767528759.5619252,782bbe12-8fa0-4f71-b8f7-1e7515e82050,hello,1,0,0,None,True
1767528770.9866502,ea72eac2-7b36-4705-9e77-da499869af37,goodbye,1,0,0,None,True
1767528771.945678,efa8e9f2-2a22-4e11-afe7-ac33d70f281b,goodbye,1,0,0,None,True
1767528985.025621,32442b2a-470e-4685-bb08-f29d64e8a8a0,hello,1,0,0,None,True
1767529060.525134,9cd5c0bc-619f-46ed-8664-be1f3f3daf1f,hello,1,0,0,None,True
1767529082.1606212,312297e1-15dc-4438-9304-9776f8aff8cb,welcome,1,0,0,None,True
1767538514.410675,c375a9a7-ba79-403f-afaf-8d986d88d564,hello,1,0,0,None,True
1767538550.494036,e70fa16f-4b05-4a06-823b-380b5b246240,hi,1,0,0,None,True
1767540954.9326348,a668910b-9621-4223-9555-30c5b164659c,hi,1,0,0,None,True
1767541084.291383,32d24728-b518-4e79-a7c4-e21feadb98ba,tori,1,0,0,None,True
1767541190.148323,a304d7bc-3202-42a3-8ed7-dea958333ccb,manya,1,0,0,None,True
1767541195.214705,4a85577d-af40-4f89-81c2-0808900f14f1,hello manya,1,0,0,None,True
1767541292.030763,3feda9a6-b900-476a-a630-0c391b248fda,hello manya :),1,0,0,None,True
1767541322.755855,3965dd5a-fddc-45cd-bbe5-ff671b14b47a,hello tori :),1,0,0,None,True
1767541365.917572,1c18a884-e781-443e-8ab0-bafeea66b1c9,proud of you :),1,0,0,None,True
1767542132.491405,c18cfd97-fed5-4ae3-8120-e5be4e3f45f6,hello druti :),1,0,0,None,True
1767542243.048355,38ed50ee-987a-4447-9a79-9f3d42cd3d5a,hello wei xuan :),1,0,0,None,True
1767542358.065392,7ca3b128-73ab-4248-82fd-1f99481bf8f1,hello sam :),1,0,0,None,True
1768412487.002479,7fda5a60-6d8f-484c-9e46-db43aa95d8ae,hi,1,0,0,None,True
1768588167.7042,d72ef7d8-e1c2-4517-8a3f-c8e3df619b1a,Sugarplum_Fairy_Nightmare,1,0,0,None,True
1768588200.126473,71914622-3401-4f8f-a19f-aef5b13c4468,Sugarplum_,1,0,0,None,True
1768588205.070064,bc0e4616-b6a0-49d8-87d1-4c3bffa1aa00,Sugarplum_Fairy_Nightmare
,1,0,0,None,True
1768588229.104018,208d79fa-abf7-4b69-9b87-48c1b6173a2b,Sugarplum_Fairy_Nightmar
,1,0,0,None,True
1768588231.0337,7b83fac0-870f-4e30-b79b-f21300268b5d,Sugarplum_Fairy_Nightmar
,1,0,0,None,True
1768588234.142567,9b78b303-2ed1-4668-875c-beda6bac5856,Sugarplum_Fairy_Nightma
,1,0,0,None,True
1768588238.237896,81b27ac4-4570-4af0-a5f9-74d618c9580b,Sugarplum_Fairy_Nightm
,1,0,0,None,True
1768588241.6839528,56051bf3-b11b-412c-956c-d0e7ccb208dd,Sugarplum_Fairy_Night
,1,0,0,None,True
1768588245.282899,583d160c-1163-4a1f-9cb8-345e7c1e6d5f,Sugarplum_Fairy_Nigh
,1,0,0,None,True
1768588247.374298,65df7bf3-5827-485b-bc6a-3a5e29367ad8,Sugarplum_Fairy_Nig
,1,0,0,None,True
1768588249.6747122,e75f7df7-c238-4464-be8e-dbacf89b92fa,Sugarplum_Fairy_Ni
,1,0,0,None,True
1768588251.932607,e2d92c12-2843-45e9-86cf-2027d1ca647d,Sugarplum_Fairy_N
,1,0,0,None,True
1768588254.578534,33172114-6c64-46f4-9d9e-d5762458a3bf,Sugarplum_Fairy_
,1,0,0,None,True
1768590070.883662,f477751e-8898-4bda-bf5f-91b32489d0c1,hello
hello,1,0,0,None,True
1768682302.945718,eb24ad52-12f7-464c-8ec4-67dff9e3c779,yikes,1,0,0,None,True
1769115743.0621572,4249c424-37b4-4f26-abe0-5cad412d2b5c,hello,1,0,0,None,True
1769116205.830671,b9396804-3452-41fb-9383-69fb6f93d1c6,hello,1,0,0,None,True
1769116292.6509151,b55daf84-c1e0-49b0-b408-4c5100bf1dd5,rose quartz <3,1,0,0,None,True
1769358402.686988,c94f405d-feb2-4478-a92c-6a212edeb18b,known,1,0,0,None,True
1769358412.911846,73c5fa8e-f00e-4856-8a51-75e8d1a371b7,We've succeeded!,1,0,0,None,True
1769358420.9869728,a86d6afe-b325-42a1-ad4d-3d785bc04898,~¡256_-_aA&ñ,1,0,0,None,True
1769358428.8287868,f580aa09-8346-4040-bfc5-eee6adb7bcf5,From α to ɷ...,1,0,0,None,True
1769358436.5371861,c312995d-fb34-45a8-82da-2b8318fb3d83,Sugarplum_Fairy_Nightmare,1,0,0,None,True
